{
    "alpha": 0.00010057788226974323,
    "l1_ratio": 0.2232866892367411
}